"'s-Gravenhage","'s-Gravenhage","Dutch"
"'s-Gravenhage","Den Haag","German"
"'s-Gravenhage","The Hague","English"
"Adrianoupolis","Adrianoupolis","Byzantine"
"Aix-en-Provence","Aix-en-Provence","French"
"Akabe","Akabe","Turkish"
"Akhenaten","Al-'Amarna","Arabian"
"Aksehir","Aksehir","Turkish"
"Al-Jazair","Al-Jazair","Arabian"
"Al-Ladhiqiyah","Lazkiye","Turkish"
"Al-Qahirah","Al-Qahirah","Arabian"
"Al-Qahirah","El-Qahirah","Egyptian_Arabic"
"Al-Qahirah","Ineb Hedj","Egyptian"
"Al-Qahirah","Kair","Polish"
"An-Najaf","An-Najaf","Arabian"
"Andahuailas","Andahuaylas","Spanish"
"Ankuwash","Ancyra","Latin"
"Ankuwash","Ankyra","Byzantine"
"Ankuwash","Ankyra","Greek"
"Ankuwash","Anqarah","Arabian"
"Anshan","Ansan","Korean"
"Anshan","Anshan","Chinese"
"Antiocheia","Antakiyyah","Arabian"
"Antiocheia","Antiocheia","Byzantine"
"Antiocheia","Antiochia","Polish"
"Aomen","Aomen","Chinese"
"Aomen","Aomen","Japanese"
"Aomen","Macao","French"
"Aomen","Macao","German"
"Aomen","Macao","Spanish"
"Aomen","Macau","Dutch"
"Aomen","Macau","English"
"Aomen","Macau","Portuguese"
"Athinai","Atenas","Spanish"
"Athinai","Ateny","Polish"
"Athinai","Athen","German"
"Athinai","Athenae","Latin"
"Athinai","Athinai","Byzantine"
"Athinai","Athinai","Greek"
"Athinai","Athènes","French"
"Athinai","Atina","Arabian"
"Athinai","Atina","Turkish"
"Atico","Atico","Spanish"
"Azak","Azak","Turkish"
"Babilû","Babil","Arabian"
"Babilû","Babil","Turkish"
"Babilû","Babilonia","Italian"
"Babilû","Babilû","Babylonian"
"Babilû","Babirush","Persian"
"Babilû","Vavilon","Russian"
"Bandar Melaka","Bandar Melaka","Khmer"
"Bang Makok","Bankoku","Japanese"
"Bangazi","Bangazi","Arabian"
"Bangazi","Bangazi","Egyptian_Arabic"
"Bangazi","Bangazi","English"
"Bijayah","Bijayah","Arabian"
"Bijayah","Béjaïa","French"
"Boulogne","Boulogne","French"
"Braga","Braga","Spanish"
"Brest-Litowsk","Brest-Litowsk","German"
"Brundisium","Brentesion","Greek"
"Brundisium","Brundisium","Latin"
"Byzantion","Bizantiya","Arabian"
"Byzantion","Byzantion","Greek"
"Byzantion","Byzanz","German"
"Byzantion","Car'grad","Russian"
"Byzantion","Constantinopoli","Italian"
"Byzantion","Constantinopolis","Latin"
"Byzantion","Konstantinoupolis","Byzantine"
"Byzantion","Kostantiniyye","Turkish"
"Byzantion","Miklagard","Norse"
"Caerleon","Caerleon","English"
"Canusium","Canosa di Puglia","Italian"
"Cape of Good Hope","Cabo de Buena Esperanza","Spanish"
"Cape of Good Hope","Cap de Bonne-Espérance","French"
"Cape of Good Hope","Cape of Good Hope","English"
"Cape of Good Hope","Capo de Boa Esperança","Portuguese"
"Cape of Good Hope","Kaap de Goede Hoop","Dutch"
"Cape of Good Hope","Kap der Guten Hoffnung","German"
"Caqonatambu","Limatambo","Spanish"
"Caxamalca","Caxamalca","Spanish"
"Changjin","Changjin","Chinese"
"Chuitu","Chuito","Spanish"
"Chuqiapu","Chuquiapo","Spanish"
"Coburg","Coburg","German"
"Constantinopolis","Balozrom","Persian"
"Constantinopolis","Car'grad","Russian"
"Constantinopolis","Constantinopoli","Italian"
"Constantinopolis","Constantinopolis","Latin"
"Constantinopolis","Konstantinopel","German"
"Constantinopolis","Konstantinoupolis","Byzantine"
"Constantinopolis","Konstantinoupolis","Greek"
"Constantinopolis","Konstantynopol","Polish"
"Constantinopolis","Kostantiniyye","Turkish"
"Constantinopolis","Miklagard","Norse"
"Constantinopolis","Qustantiniyah","Arabian"
"Dagou","Dagou","Chinese"
"Dagou","Fort Willoughby","English"
"Dagou","Tagu","Korean"
"Dagou","Takao","Japanese"
"Danibaan","Atzompan","Aztec"
"Danibaan","Danibaan","Mayan"
"Danibaan","Monte Albán","Spanish"
"Delphoi","Delphi","Latin"
"Delphoi","Delphoi","Greek"
"Dobruja","Dobruca","Turkish"
"Dobruja","Dobrudscha","German"
"Dobruja","Dobruja","Russian"
"Doliwa","Doliwa","Russian"
"Doliwa","Romasdorf","German"
"Dur Untash","Chogha Zanbil","Persian"
"Durostulon","Durostulon","Byzantine"
"Durostulon","Silistre","Turkish"
"Eko","Eko","Congolese"
"Fderik","Fderik","Ethiopian"
"Fderik","Fderik","Malian"
"Fort Dauphin","Fort Dauphin","French"
"Fort Dauphin","Toranaro","Japanese"
"Fort Elizabeth","Elizavetinskaja Krepost'","Russian"
"Fort Elizabeth","Fort Elizabeth","English"
"Fort Rosalie","Fort Panmure","American"
"Fort Rosalie","Fort Panmure","English"
"Fort Rosalie","Fort Rosalie","French"
"Gaoxiong","Fort Willoughby","English"
"Gaoxiong","Go'woong","Korean"
"Gaoxiong","Takao","Japanese"
"Groznyj","Grozni","Turkish"
"Groznyj","Groznyj","Russian"
"Guatemala","Guatemala City","American"
"Hailaer","Hairaru","Japanese"
"Hamhung","Kanko","Japanese"
"Haojing","Haojing","Chinese"
"Haojing","Haojing","Japanese"
"Haojing","Hogyeong","Korean"
"Haojing","Macao","French"
"Haojing","Macao","German"
"Haojing","Macao","Spanish"
"Haojing","Macau","Dutch"
"Haojing","Macau","English"
"Haojing","Macau","Portuguese"
"Hattusas","Bogazköy","Turkish"
"Hegang","Hakgang","Korean"
"Hegang","Hakuniuu","Japanese"
"Hegang","Hegang","Chinese"
"Hippo Diarrhytus","Binzart","Arabian"
"Huanuqupampa","Huanocopampa","Spanish"
"Huaqa","Huaca","Spanish"
"Hurgada","Al-Ghardaqah","Arabian"
"Hurgada","Hurgada","Turkish"
"Illizi","Fort Polignac","French"
"Illizi","Illizi","Ethiopian"
"Illizi","Illizi","Malian"
"Imu","Kom El-Hisn","Arabian"
"Ineb Hedj","Al-Qahirah","Arabian"
"Ineb Hedj","El-Qahirah","Egyptian_Arabic"
"Ineb Hedj","Ineb Hedj","Egyptian"
"Ineb Hedj","Menfi","Italian"
"Inebahti","Inebahti","Turkish"
"Inebahti","Naupactus","Greek"
"Ioannina","Ioannina","Byzantine"
"Ioannina","Yanya","Turkish"
"Itil","A-de Shui","Chinese"
"Itil","Itil","Turkish"
"Itil","Khamlij","Arabian"
"Jakutsk","Jakutsk","Russian"
"Jakutsk","Yakuttsuku","Japanese"
"Jbeil","Jbeil","Arabian"
"Jehol","Jehol","Chinese"
"Jehol","Nekka","Japanese"
"Jehol","Yeolha","Korean"
"Jekabsforts","Jekabsforts","Dutch"
"Juli","Lluli","Spanish"
"Juzhno-Kuri'lsk","Juzhno-Kuri'lsk","Russian"
"Kaisareia","Caesarea Mazaca","Latin"
"Kaisareia","Cesarea Mazaca","Italian"
"Kaisareia","Kaisareia","Byzantine"
"Kaisareia","Kaisareia","Greek"
"Kakolewo","Kakolewo","Russian"
"Kakolewo","Konkolewo Hauland","Dutch"
"Kalhu","Nimrud","Arabian"
"Khmun","Hermopolis","Greek"
"Khmun","Hermopolis","Latin"
"Knob Lake","Knob Lake","English"
"Knob Lake","Lac Knob","French"
"Kolachi","Barbarikon","Byzantine"
"Kolachi","Barbarikon","Greek"
"Kolachi","Kolachi","Indian"
"Kolachi","Kolachi","Persian"
"Kolachi","Mirat ul Memalik","Turkish"
"Kolomea","Kolomea","German"
"Konstantia","Konstanca","Russian"
"Konstantia","Konstantia","Byzantine"
"Konstantia","Konstantia","Greek"
"Konstantia","Kustendje","Turkish"
"Konstanz","Konstanz","German"
"Kulsary","Kulsary","Mongolian"
"Kulsary","Kulsary","Turkish"
"Kumma","Semna","Arabian"
"København","Copenhague","French"
"København","Hafnia","Latin"
"København","Kopenhaga","Polish"
"København","København","Norse"
"La Petite Chute","La Petite Chute","French"
"La Petite Chute","Little Chute","English"
"Laoag","Laoag","Khmer"
"Laoag","Laowo","Chinese"
"Laoag","Raoagu","Japanese"
"Larnaca","Larnaca","Latin"
"Larnaca","Larnaka","Greek"
"Larnaca","Larnaka","Turkish"
"Lausanne","Lausanne","French"
"Liège","Lieja","Spanish"
"Liège","Liège","French"
"Liège","Luik","Dutch"
"Liège","Lüttich","German"
"Loubomo","Delisie","French"
"Loubomo","Loubomo","Congolese"
"Machu-Pikchu","Machu Picchu","Spanish"
"Marrakus","Marakech","Turkish"
"Marrakus","Marrakesch","German"
"Marrakus","Marrakus","Arabian"
"Marrakus","Marraquech","Spanish"
"Mbanza Kongo","Mbanza Kongo","Congolese"
"Mbanza Kongo","San Salvador de Congo","Spanish"
"Mbanza Kongo","São Salvador do Congo","Portuguese"
"Melaka","Melaka","Indonesian"
"Montreal","Montreal","English"
"Moçambique","Moçambique","Portuguese"
"Moçâmedes","Moçâmedes","Portuguese"
"Mumbai","Bombaim","Portuguese"
"Mumbai","Mumbai","Indian"
"Mumbai","Mumbaj","Polish"
"Mumbai","Munbai","Japanese"
"Mut","Mut al-Khorab","Arabian"
"Mykenai","Mycenae","Latin"
"Mykenai","Mykenai","Greek"
"Naissos","Nish","Russian"
"Naissos","Nish","Turkish"
"Nara","Nailiang","Chinese"
"Nara","Nara","Japanese"
"Nara","Naryang","Korean"
"Neokastron","Anavarin","Turkish"
"Neokastron","Navarino","Italian"
"Neokastron","Navarino","Latin"
"Neokastron","Neokastron","Byzantine"
"Neokastron","Neokastron","Greek"
"Neu Braunfels","New Braunfels","American"
"Neu Braunfels","New Braunfels","English"
"New Brunswick","New Brunswick","English"
"Nikolaev","Mikolaj&243;w","Polish"
"Nizhnij Novgorod","Nizny Nowogród","Polish"
"Nouvelle Orléans","Nova Orleães","Portuguese"
"Nouvelle Orléans","Nowy Orlean","Polish"
"Nouvelle Orléans","Nueva Orleans","Spanish"
"Nowgorod","Holmgård","Norse"
"Nowgorod","Nowgorod","German"
"Nowgorod","Nowogród","Polish"
"Ooita","Daebun","Korean"
"Oosaka","Daban","Chinese"
"Oosaka","Daepan","Korean"
"Oosaka","Oosaka","Japanese"
"Oxhuitza","Caracol","English"
"Oxhuitza","El Caracol","Spanish"
"Pachacamaq","Pachacamac","Spanish"
"Paslek","Paslek","Russian"
"Paslek","Preuéisch Holland","German"
"Paslek","Pruissisch Holland","Dutch"
"Pelusion","Tell El-Farama","Arabian"
"Per-Bastet","Bubastis","Greek"
"Per-Bastet","Bubastis","Latin"
"Pergamon","Bergama","Turkish"
"Pi-Ramesses","Tell El-Dab'a","Arabian"
"Pi-Ramesses","Tell El-Dab'a","Turkish"
"Pingfang","Heihouku","Japanese"
"Pingfang","Pingfang","Chinese"
"Pingfang","Pyungbang","Korean"
"Pisa","Pisa","Italian"
"Pisa","Piza","Polish"
"Pompeii","Pompeii","Latin"
"Pompeii","Pompeji","German"
"Pompeii","Pompeya","Spanish"
"Pompeii","Pompéi","French"
"Potsdam","Poczdam","Polish"
"Potsdam","Potsdam","German"
"Pyongyang","Heijo","Japanese"
"Pyongyang","Pjongjang","Polish"
"Pyongyang","Pkhen'jan","Russian"
"Pyongyang","Pyongyang","Chinese"
"Pyongyang","Pyongyang","Korean"
"Qandahar","Qandahar","Arabian"
"Qazan","Kazan'","Russian"
"Qazan","Qazan","Turkish"
"Qiqihaer","Chichihar","Korean"
"Qiqihaer","Chichiharu","Japanese"
"Ragha","Ragha","Persian"
"Ragha","Rhagae","Greek"
"Rennes-le-Château","Rennes-le-Château","French"
"Rhode Island","Rhode Island","English"
"Rhode Island","Roodt Eylandt","Dutch"
"Riyadh","Ar-Riyad","Arabian"
"Riyadh","Riyad","Turkish"
"Safaqis","Safaqis","Arabian"
"Saint Louis","Saint Louis","French"
"Saint Louis","Saõ Luís","Portuguese"
"Saint Thomas","Saint Thomas","English"
"Saint Thomas","Saint Thomas","French"
"Saint Thomas","Sankt Thomas","Norse"
"Saint-Louis","Saint-Louis","French"
"Sana'a","Auzalites","Ethiopian"
"Sana'a","Sana'a","Arabian"
"Santa Trinidad","Santa Trinidad","Spanish"
"Sausa","Sausa","Spanish"
"Serabit","Serabit Al-Khadem","Arabian"
"Sevasteia","Sevasteia","Byzantine"
"Seward","Seward","American"
"Seward","Voskresenskaja","Russian"
"Shirokolanovka","Shirokolanovka","Russian"
"Shush","Seleucia ad Eulaeum","Latin"
"Shush","Seleukeia Susiana","Greek"
"Shush","Shush","Persian"
"Shush","Suza","Polish"
"Sparte","Esparta","Spanish"
"Sparte","Sparte","French"
"Sparte","Sparte","Greek"
"Staraja Ladoga","Staraja Ladoga","Russian"
"Sydwn","Sayda","Arabian"
"Sydwn","Sayda","Turkish"
"Sydwn","Siduna","Babylonian"
"Sydwn","Sydwn","Phoenician"
"São Leopoldo","Sankt Leopold","German"
"São Leopoldo","São Leopoldo","Portuguese"
"Taibei","Daebuk","Korean"
"Taibei","Taibei","Chinese"
"Taibei","Taihoku","Japanese"
"Tambuqcucha","Tamboccocha","Spanish"
"Tamiat","Domyat","Arabian"
"Tamiat","Tamiat","Egyptian"
"Tampupuca","Tambocolorado","Spanish"
"Tenochtitlán","Cidade do México","Portuguese"
"Tenochtitlán","Città del Messico","Italian"
"Tenochtitlán","Mekhiko","Russian"
"Tenochtitlán","Mexico","French"
"Tenochtitlán","Mexico","Norse"
"Tenochtitlán","Mexico","Turkish"
"Tenochtitlán","Mexico City","English"
"Tenochtitlán","Mexico-stad","Dutch"
"Tenochtitlán","Mexicopolis","Latin"
"Tenochtitlán","Mexiko-Stadt","German"
"Teotihuacan","Teotihuacan","Aztec"
"Teotihuacan","Teotihuacán","Spanish"
"Tharangambadi","Tharangambadi","Indian"
"Thessalonike","Saloniki","Polish"
"Thessalonike","Selânik","Turkish"
"Thessalonike","Thessalonike","Byzantine"
"Tongliao","Tongliao","Chinese"
"Tonkoschurowka","Tonkoschurowka","Russian"
"Toyohara","Pungwon","Korean"
"Toyohara","Toyohara","Japanese"
"Trapezon","Trapezon","Greek"
"Trapezon","Trapezounta","Byzantine"
"Trapezon","Trapezus","Latin"
"Trapezon","Trebisonda","Italian"
"Tureng Tepe","Tureng Tepe","Persian"
"Tureng Tepe","Zadrakarta","Greek"
"Tver'","Tver'","Russian"
"Tver'","Twer","German"
"Tver'","Twer","Polish"
"Ulaan-Ude","Ulaan-Ude","Mongolian"
"Ulaan-Ude","Ulan-Udeh","Russian"
"Ullantaytanpu","Ollantaytambo","Spanish"
"Venezia","Al-Bundukiyya","Arabian"
"Venezia","Venedig","German"
"Venezia","Venedik","Turkish"
"Venezia","Venetia","Byzantine"
"Venezia","Venezia","Italian"
"Venezia","Venise","French"
"Venezia","Wenecja","Polish"
"Venezuela","Klein-Venedig","German"
"Venezuela","Venezuela","Dutch"
"Venezuela","Venezuela","English"
"Venezuela","Venezuela","French"
"Venezuela","Venezuela","Spanish"
"Vinland","Anse aux Meadows","English"
"Vinland","Anse-aux-Méduses","French"
"Vinland","Vinland","Norse"
"Vyborg","Vyborg","Norse"
"Vyborg","Wiborg","German"
"Wantar Chawin","Chavin de Huántar","Spanish"
"Wuzhou","Oju","Korean"
"Wuzhou","Wuzhou","Chinese"
"Xou","Sakha","Arabian"
"Yangon","Yangkung","Thai"
"Yaunde","Yaunde","Congolese"
"Yebu","Gazirat il-Fantin","Arabian"
"Yekaterinenshtadt","Katharinenstadt","German"
"Yekaterinenshtadt","Yekaterinenshtadt","Russian"
"Yokohama","Hengbin","Chinese"
"Yokohama","Hoengbin","Korean"
"Yokohama","Yokohama","Japanese"
"Zurich","Zurych","Polish"
